<?xml version="1.0" standalone="no" ?>

<!-- Created with Trident, the SCORM IDE - http://www.scormsoft.com -->
<manifest identifier="MANIFEST_IDENTIFIER" version="1.0"
    xmlns="http://www.imsglobal.org/xsd/imscp_v1p1"
    xmlns:adlcp="http://www.adlnet.org/xsd/adlcp_v1p3"
    xmlns:adlnav="http://www.adlnet.org/xsd/adlnav_v1p3"
    xmlns:adlseq="http://www.adlnet.org/xsd/adlseq_v1p3"
    xmlns:imsss="http://www.imsglobal.org/xsd/imsss" 
    xmlns:lom="http://ltsc.ieee.org/xsd/LOM" 
    xmlns:xsi="http://www.w3.org/2001/XMLSchema-instance"
    xsi:schemaLocation="http://www.imsglobal.org/xsd/imscp_v1p1 imscp_v1p1.xsd
                        http://www.adlnet.org/xsd/adlcp_v1p3 adlcp_v1p3.xsd
                        http://www.adlnet.org/xsd/adlnav_v1p3 adlnav_v1p3.xsd
                        http://www.adlnet.org/xsd/adlseq_v1p3 adlseq_v1p3.xsd
                        http://www.imsglobal.org/xsd/imsss imsss_v1p0.xsd
                        http://ltsc.ieee.org/xsd/LOM lom.xsd">
	
	<metadata>
		<schema>ADL SCORM</schema>
		<schemaversion>2004 3rd Edition</schemaversion>
	</metadata>
	
	<organizations default="ORG-273544">
		<organization identifier="ORG-273544" structure="hierarchical">
			<title>SCORM Sample Essential Science</title>
			<item identifier="ACT-768332" identifierref="RES-883515">
				<title>Index</title>
			</item>
		</organization>
	</organizations>

	<resources>
		<resource identifier="RES-883515" type="webcontent" adlcp:scormType="asset" href="ess-sci-sample-assets/introduction.html">
			<file href="ess-sci-sample-assets/electricity__circuits__circuits1.html"></file>
			<file href="ess-sci-sample-assets/electricity__circuits__circuits2.html"></file>
			<file href="ess-sci-sample-assets/electricity__circuits__circuits3.html"></file>
			<file href="ess-sci-sample-assets/electricity__curmod.html"></file>
			<file href="ess-sci-sample-assets/electricity__voltmod.html"></file>
			<file href="ess-sci-sample-assets/introduction.html"></file>
			<file href="ess-sci-sample-assets/magnets__coil__apparatus.html"></file>
			<file href="ess-sci-sample-assets/magnets__coil__solenoid.html"></file>
			<file href="ess-sci-sample-assets/magnets__earthfield.html"></file>
			<file href="ess-sci-sample-assets/magnets__magforce.html"></file>
			<file href="ess-sci-sample-assets/magnets__magmaterials.html"></file>
			<file href="ess-sci-sample-assets/magnets__magnets.html"></file>
			<file href="ess-sci-sample-assets/magnets__stwire.html"></file>
			<file href="ess-sci-sample-assets/css/clears.css"></file>
			<file href="ess-sci-sample-assets/css/ie.css"></file>
			<file href="ess-sci-sample-assets/css/ie7.css"></file>
			<file href="ess-sci-sample-assets/css/navigation.css"></file>
			<file href="ess-sci-sample-assets/css/pjstyles.css"></file>
			<file href="ess-sci-sample-assets/css/reset.css"></file>
			<file href="ess-sci-sample-assets/css/rtl-styles.css"></file>
			<file href="ess-sci-sample-assets/css/styles.css"></file>
			<file href="ess-sci-sample-assets/css/typography.css"></file>
			<file href="ess-sci-sample-assets/images/arrow.down.png"></file>
			<file href="ess-sci-sample-assets/images/arrow.left.png"></file>
			<file href="ess-sci-sample-assets/images/arrow.right.png"></file>
			<file href="ess-sci-sample-assets/images/arrow.up.png"></file>
			<file href="ess-sci-sample-assets/images/background.jpg"></file>
			<file href="ess-sci-sample-assets/images/content-column-bl.jpg"></file>
			<file href="ess-sci-sample-assets/images/content-column-br.jpg"></file>
			<file href="ess-sci-sample-assets/images/content-column-tl.jpg"></file>
			<file href="ess-sci-sample-assets/images/content-column-tr.jpg"></file>
			<file href="ess-sci-sample-assets/images/header-bl.jpg"></file>
			<file href="ess-sci-sample-assets/images/header-br.jpg"></file>
			<file href="ess-sci-sample-assets/images/header-content-bl.jpg"></file>
			<file href="ess-sci-sample-assets/images/header-content-br.jpg"></file>
			<file href="ess-sci-sample-assets/images/header-content-tl.jpg"></file>
			<file href="ess-sci-sample-assets/images/header-content-tr.jpg"></file>
			<file href="ess-sci-sample-assets/images/header-tl.jpg"></file>
			<file href="ess-sci-sample-assets/images/header-tr.jpg"></file>
			<file href="ess-sci-sample-assets/images/help.png"></file>
			<file href="ess-sci-sample-assets/images/logo.accountpage.png"></file>
			<file href="ess-sci-sample-assets/images/logo.alternative.png"></file>
			<file href="ess-sci-sample-assets/images/logo.png"></file>
			<file href="ess-sci-sample-assets/images/navigation-blue-bottom.jpg"></file>
			<file href="ess-sci-sample-assets/images/navigation-blue-top.jpg"></file>
			<file href="ess-sci-sample-assets/images/navigation-darkblue-bottom.jpg"></file>
			<file href="ess-sci-sample-assets/images/navigation-grey-bottom.jpg"></file>
			<file href="ess-sci-sample-assets/images/navigation-grey-top.jpg"></file>
			<file href="ess-sci-sample-assets/images/navigation-lightgrey-bottom.jpg"></file>
			<file href="ess-sci-sample-assets/images/navigation-lightgrey-top.jpg"></file>
			<file href="ess-sci-sample-assets/images/navigation.bg.jpg"></file>
			<file href="ess-sci-sample-assets/images/programme-content-bl.jpg"></file>
			<file href="ess-sci-sample-assets/images/programme-content-br.jpg"></file>
			<file href="ess-sci-sample-assets/images/programme-content-tl.jpg"></file>
			<file href="ess-sci-sample-assets/images/programme-content-tr.jpg"></file>
			<file href="ess-sci-sample-assets/images/prototype.wires.png"></file>
			<file href="ess-sci-sample-assets/images/tab-active-tl.jpg"></file>
			<file href="ess-sci-sample-assets/images/tab-active-tr.jpg"></file>
			<file href="ess-sci-sample-assets/images/tab-inactive-hover-tl.jpg"></file>
			<file href="ess-sci-sample-assets/images/tab-inactive-hover-tr.jpg"></file>
			<file href="ess-sci-sample-assets/images/tab-inactive-tl.jpg"></file>
			<file href="ess-sci-sample-assets/images/tab-inactive-tr.jpg"></file>
			<file href="ess-sci-sample-assets/images/text.elearning.png"></file>
			<file href="ess-sci-sample-assets/images/wrapper-bl.jpg"></file>
			<file href="ess-sci-sample-assets/images/wrapper-br.jpg"></file>
			<file href="ess-sci-sample-assets/images/wrapper-tl.jpg"></file>
			<file href="ess-sci-sample-assets/images/wrapper-tr.jpg"></file>
			<file href="ess-sci-sample-assets/js/flashembed.js"></file>
			<file href="ess-sci-sample-assets/js/jquery.flash.js"></file>
			<file href="ess-sci-sample-assets/js/jquery.js"></file>
			<file href="ess-sci-sample-assets/js/programme.js"></file>
			<file href="ess-sci-sample-assets/js/scorm.js"></file>
			<file href="ess-sci-sample-assets/js/facebox/b.png"></file>
			<file href="ess-sci-sample-assets/js/facebox/bl.png"></file>
			<file href="ess-sci-sample-assets/js/facebox/br.png"></file>
			<file href="ess-sci-sample-assets/js/facebox/closelabel.gif"></file>
			<file href="ess-sci-sample-assets/js/facebox/facebox.css"></file>
			<file href="ess-sci-sample-assets/js/facebox/facebox.js"></file>
			<file href="ess-sci-sample-assets/js/facebox/loading.gif"></file>
			<file href="ess-sci-sample-assets/js/facebox/README.txt"></file>
			<file href="ess-sci-sample-assets/js/facebox/tl.png"></file>
			<file href="ess-sci-sample-assets/js/facebox/tr.png"></file>
			<file href="ess-sci-sample-assets/js/qtip/jquery.qtip.js"></file>
			<file href="ess-sci-sample-assets/programme-assets/images/ammeter_btn.png"></file>
			<file href="ess-sci-sample-assets/programme-assets/images/cells_sb.png"></file>
			<file href="ess-sci-sample-assets/programme-assets/images/compass.png"></file>
			<file href="ess-sci-sample-assets/programme-assets/images/currentbtn.png"></file>
			<file href="ess-sci-sample-assets/programme-assets/images/earthfield.png"></file>
			<file href="ess-sci-sample-assets/programme-assets/images/earthfield1.png"></file>
			<file href="ess-sci-sample-assets/programme-assets/images/fieldarrow-btn.png"></file>
			<file href="ess-sci-sample-assets/programme-assets/images/fl_fullscreen.png"></file>
			<file href="ess-sci-sample-assets/programme-assets/images/gridbtn2.png"></file>
			<file href="ess-sci-sample-assets/programme-assets/images/help16.png"></file>
			<file href="ess-sci-sample-assets/programme-assets/images/magfield.jpg"></file>
			<file href="ess-sci-sample-assets/programme-assets/images/normalbulb.png"></file>
			<file href="ess-sci-sample-assets/programme-assets/images/n_n.png"></file>
			<file href="ess-sci-sample-assets/programme-assets/images/n_s.png"></file>
			<file href="ess-sci-sample-assets/programme-assets/images/pa_meters.png"></file>
			<file href="ess-sci-sample-assets/programme-assets/images/rhgrip.jpg"></file>
			<file href="ess-sci-sample-assets/programme-assets/images/showme.png"></file>
			<file href="ess-sci-sample-assets/programme-assets/images/silva-compass.png"></file>
			<file href="ess-sci-sample-assets/programme-assets/images/solenoid.jpg"></file>
			<file href="ess-sci-sample-assets/programme-assets/images/splash.png"></file>
			<file href="ess-sci-sample-assets/programme-assets/images/stwire.jpg"></file>
			<file href="ess-sci-sample-assets/programme-assets/images/switch.png"></file>
			<file href="ess-sci-sample-assets/programme-assets/images/s_n.png"></file>
			<file href="ess-sci-sample-assets/programme-assets/images/s_s.png"></file>
			<file href="ess-sci-sample-assets/programme-assets/images/tellme.png"></file>
			<file href="ess-sci-sample-assets/programme-assets/images/vmeters.png"></file>
			<file href="ess-sci-sample-assets/programme-assets/images/voltage.png"></file>
			<file href="ess-sci-sample-assets/programme-assets/images/voltmeter_btn.png"></file>
			<file href="ess-sci-sample-assets/programme-assets/images/z_circuit1.jpg"></file>
			<file href="ess-sci-sample-assets/programme-assets/images/z_circuit2.jpg"></file>
			<file href="ess-sci-sample-assets/programme-assets/images/z_circuit3.jpg"></file>
			<file href="ess-sci-sample-assets/programme-assets/images/z_compass.jpg"></file>
			<file href="ess-sci-sample-assets/programme-assets/images/z_magfield.jpg"></file>
			<file href="ess-sci-sample-assets/programme-assets/images/z_rhgrip.jpg"></file>
			<file href="ess-sci-sample-assets/programme-assets/images/z_solenoid.jpg"></file>
			<file href="ess-sci-sample-assets/programme-assets/images/z_stwire.jpg"></file>
			<file href="ess-sci-sample-assets/programme-assets/images/z_stwirefield.png"></file>
			<file href="ess-sci-sample-assets/programme-assets/swf/current-model.swf"></file>
			<file href="ess-sci-sample-assets/programme-assets/swf/mag-fieldplot.swf"></file>
			<file href="ess-sci-sample-assets/programme-assets/swf/magnetic-forces.swf"></file>
			<file href="ess-sci-sample-assets/programme-assets/swf/magnetic-materials.swf"></file>
			<file href="ess-sci-sample-assets/programme-assets/swf/parallel-circuit.swf"></file>
			<file href="ess-sci-sample-assets/programme-assets/swf/series-circuit.swf"></file>
			<file href="ess-sci-sample-assets/programme-assets/swf/single-bulb.swf"></file>
			<file href="ess-sci-sample-assets/programme-assets/swf/solenoid.swf"></file>
			<file href="ess-sci-sample-assets/programme-assets/swf/straightwire.swf"></file>
			<file href="ess-sci-sample-assets/programme-assets/swf/voltage.swf"></file>
			<file href="ess-sci-sample-assets/swf/footprint_calculator.swf"></file>
			<file href="ess-sci-sample-assets/swf/picturegallery.swf"></file>
			<file href="ess-sci-sample-assets/swf/quiz.swf"></file>
			<file href="ess-sci-sample-assets/swf/scormquiz.swf"></file>
			<file href="ess-sci-sample-assets/swf/svplayer.swf"></file>
			<file href="ess-sci-sample-assets/swf/videoplayer.swf"></file>
			<file href="ess-sci-sample-assets/swf/videoplaylist.swf"></file>
			<file href="ess-sci-sample-assets/swf/videoplaylist2.swf"></file>
			<file href="ess-sci-sample-assets/swf/woodloader.swf"></file>
		</resource>
	</resources>

</manifest>
